id	name	gen6	gen7	gen8	gen9	legendary	mythical
1	フシギダネ	TRUE	TRUE	TRUE	FALSE	FALSE	FALSE
2	フシギソウ	TRUE	TRUE	TRUE	FALSE	FALSE	FALSE
3	フシギバナ	TRUE	TRUE	TRUE	FALSE	FALSE	FALSE
4	ヒトカゲ	TRUE	TRUE	TRUE	TRUE	FALSE	FALSE
5	リザード	TRUE	TRUE	TRUE	TRUE	FALSE	FALSE
6	リザードン	TRUE	TRUE	TRUE	TRUE	FALSE	FALSE
7	ゼニガメ	TRUE	TRUE	TRUE	FALSE	FALSE	FALSE
8	カメール	TRUE	TRUE	TRUE	FALSE	FALSE	FALSE
9	カメックス	TRUE	TRUE	TRUE	FALSE	FALSE	FALSE
10	キャタピー	TRUE	TRUE	TRUE	FALSE	FALSE	FALSE
11	トランセル	TRUE	TRUE	TRUE	FALSE	FALSE	FALSE
12	バタフリー	TRUE	TRUE	TRUE	FALSE	FALSE	FALSE
13	ビードル	TRUE	TRUE	FALSE	FALSE	FALSE	FALSE
14	コクーン	TRUE	TRUE	FALSE	FALSE	FALSE	FALSE
15	スピアー	TRUE	TRUE	FALSE	FALSE	FALSE	FALSE
16	ポッポ	TRUE	TRUE	FALSE	FALSE	FALSE	FALSE
17	ピジョン	TRUE	TRUE	FALSE	FALSE	FALSE	FALSE
18	ピジョット	TRUE	TRUE	FALSE	FALSE	FALSE	FALSE
19	コラッタ	TRUE	TRUE	FALSE	FALSE	FALSE	FALSE
20	ラッタ	TRUE	TRUE	FALSE	FALSE	FALSE	FALSE
21	オニスズメ	TRUE	TRUE	FALSE	FALSE	FALSE	FALSE
22	オニドリル	TRUE	TRUE	FALSE	FALSE	FALSE	FALSE
23	アーボ	TRUE	TRUE	FALSE	TRUE	FALSE	FALSE
24	アーボック	TRUE	TRUE	FALSE	TRUE	FALSE	FALSE
25	ピカチュウ	TRUE	TRUE	TRUE	TRUE	FALSE	FALSE
26	ライチュウ	TRUE	TRUE	TRUE	TRUE	FALSE	FALSE
27	サンド	TRUE	TRUE	TRUE	TRUE	FALSE	FALSE
28	サンドパン	TRUE	TRUE	TRUE	TRUE	FALSE	FALSE
29	ニドラン♀	TRUE	TRUE	TRUE	FALSE	FALSE	FALSE
30	ニドリーナ	TRUE	TRUE	TRUE	FALSE	FALSE	FALSE
31	ニドクイン	TRUE	TRUE	TRUE	FALSE	FALSE	FALSE
32	ニドラン♂	TRUE	TRUE	TRUE	FALSE	FALSE	FALSE
33	ニドリーノ	TRUE	TRUE	TRUE	FALSE	FALSE	FALSE
34	ニドキング	TRUE	TRUE	TRUE	FALSE	FALSE	FALSE
35	ピッピ	TRUE	TRUE	TRUE	TRUE	FALSE	FALSE
36	ピクシー	TRUE	TRUE	TRUE	TRUE	FALSE	FALSE
37	ロコン	TRUE	TRUE	TRUE	TRUE	FALSE	FALSE
38	キュウコン	TRUE	TRUE	TRUE	TRUE	FALSE	FALSE
39	プリン	TRUE	TRUE	TRUE	TRUE	FALSE	FALSE
40	プクリン	TRUE	TRUE	TRUE	TRUE	FALSE	FALSE
41	ズバット	TRUE	TRUE	TRUE	FALSE	FALSE	FALSE
42	ゴルバット	TRUE	TRUE	TRUE	FALSE	FALSE	FALSE
43	ナゾノクサ	TRUE	TRUE	TRUE	FALSE	FALSE	FALSE
44	クサイハナ	TRUE	TRUE	TRUE	FALSE	FALSE	FALSE
45	ラフレシア	TRUE	TRUE	TRUE	FALSE	FALSE	FALSE
46	パラス	TRUE	TRUE	FALSE	FALSE	FALSE	FALSE
47	パラセクト	TRUE	TRUE	FALSE	FALSE	FALSE	FALSE
48	コンパン	TRUE	TRUE	FALSE	TRUE	FALSE	FALSE
49	モルフォン	TRUE	TRUE	FALSE	TRUE	FALSE	FALSE
50	ディグダ	TRUE	TRUE	TRUE	TRUE	FALSE	FALSE
51	ダグトリオ	TRUE	TRUE	TRUE	TRUE	FALSE	FALSE
52	ニャース	TRUE	TRUE	TRUE	TRUE	FALSE	FALSE
53	ペルシアン	TRUE	TRUE	TRUE	TRUE	FALSE	FALSE
54	コダック	TRUE	TRUE	TRUE	TRUE	FALSE	FALSE
55	ゴルダック	TRUE	TRUE	TRUE	TRUE	FALSE	FALSE
56	マンキー	TRUE	TRUE	FALSE	TRUE	FALSE	FALSE
57	オコリザル	TRUE	TRUE	FALSE	TRUE	FALSE	FALSE
58	ガーディ	TRUE	TRUE	TRUE	TRUE	FALSE	FALSE
59	ウインディ	TRUE	TRUE	TRUE	TRUE	FALSE	FALSE
60	ニョロモ	TRUE	TRUE	TRUE	TRUE	FALSE	FALSE
61	ニョロゾ	TRUE	TRUE	TRUE	TRUE	FALSE	FALSE
62	ニョロボン	TRUE	TRUE	TRUE	TRUE	FALSE	FALSE
63	ケーシィ	TRUE	TRUE	TRUE	FALSE	FALSE	FALSE
64	ユンゲラー	TRUE	TRUE	TRUE	FALSE	FALSE	FALSE
65	フーディン	TRUE	TRUE	TRUE	FALSE	FALSE	FALSE
66	ワンリキー	TRUE	TRUE	TRUE	FALSE	FALSE	FALSE
67	ゴーリキー	TRUE	TRUE	TRUE	FALSE	FALSE	FALSE
68	カイリキー	TRUE	TRUE	TRUE	FALSE	FALSE	FALSE
69	マダツボミ	TRUE	TRUE	FALSE	TRUE	FALSE	FALSE
70	ウツドン	TRUE	TRUE	FALSE	TRUE	FALSE	FALSE
71	ウツボット	TRUE	TRUE	FALSE	TRUE	FALSE	FALSE
72	メノクラゲ	TRUE	TRUE	TRUE	FALSE	FALSE	FALSE
73	ドククラゲ	TRUE	TRUE	TRUE	FALSE	FALSE	FALSE
74	イシツブテ	TRUE	TRUE	FALSE	TRUE	FALSE	FALSE
75	ゴローン	TRUE	TRUE	FALSE	TRUE	FALSE	FALSE
76	ゴローニャ	TRUE	TRUE	FALSE	TRUE	FALSE	FALSE
77	ポニータ	TRUE	TRUE	TRUE	FALSE	FALSE	FALSE
78	ギャロップ	TRUE	TRUE	TRUE	FALSE	FALSE	FALSE
79	ヤドン	TRUE	TRUE	TRUE	TRUE	FALSE	FALSE
80	ヤドラン	TRUE	TRUE	TRUE	TRUE	FALSE	FALSE
81	コイル	TRUE	TRUE	TRUE	TRUE	FALSE	FALSE
82	レアコイル	TRUE	TRUE	TRUE	TRUE	FALSE	FALSE
83	カモネギ	TRUE	TRUE	TRUE	FALSE	FALSE	FALSE
84	ドードー	TRUE	TRUE	FALSE	FALSE	FALSE	FALSE
85	ドードリオ	TRUE	TRUE	FALSE	FALSE	FALSE	FALSE
86	パウワウ	TRUE	TRUE	FALSE	FALSE	FALSE	FALSE
87	ジュゴン	TRUE	TRUE	FALSE	FALSE	FALSE	FALSE
88	ベトベター	TRUE	TRUE	FALSE	TRUE	FALSE	FALSE
89	ベトベトン	TRUE	TRUE	FALSE	TRUE	FALSE	FALSE
90	シェルダー	TRUE	TRUE	TRUE	TRUE	FALSE	FALSE
91	パルシェン	TRUE	TRUE	TRUE	TRUE	FALSE	FALSE
92	ゴース	TRUE	TRUE	TRUE	TRUE	FALSE	FALSE
93	ゴースト	TRUE	TRUE	TRUE	TRUE	FALSE	FALSE
94	ゲンガー	TRUE	TRUE	TRUE	TRUE	FALSE	FALSE
95	イワーク	TRUE	TRUE	TRUE	FALSE	FALSE	FALSE
96	スリープ	TRUE	TRUE	FALSE	TRUE	FALSE	FALSE
97	スリーパー	TRUE	TRUE	FALSE	TRUE	FALSE	FALSE
98	クラブ	TRUE	TRUE	TRUE	FALSE	FALSE	FALSE
99	キングラー	TRUE	TRUE	TRUE	FALSE	FALSE	FALSE
100	ビリリダマ	TRUE	TRUE	FALSE	TRUE	FALSE	FALSE
101	マルマイン	TRUE	TRUE	FALSE	TRUE	FALSE	FALSE
102	タマタマ	TRUE	TRUE	TRUE	FALSE	FALSE	FALSE
103	ナッシー	TRUE	TRUE	TRUE	FALSE	FALSE	FALSE
104	カラカラ	TRUE	TRUE	TRUE	FALSE	FALSE	FALSE
105	ガラガラ	TRUE	TRUE	TRUE	FALSE	FALSE	FALSE
106	サワムラー	TRUE	TRUE	TRUE	FALSE	FALSE	FALSE
107	エビワラー	TRUE	TRUE	TRUE	FALSE	FALSE	FALSE
108	ベロリンガ	TRUE	TRUE	TRUE	FALSE	FALSE	FALSE
109	ドガース	TRUE	TRUE	TRUE	TRUE	FALSE	FALSE
110	マタドガス	TRUE	TRUE	TRUE	TRUE	FALSE	FALSE
111	サイホーン	TRUE	TRUE	TRUE	FALSE	FALSE	FALSE
112	サイドン	TRUE	TRUE	TRUE	FALSE	FALSE	FALSE
113	ラッキー	TRUE	TRUE	TRUE	TRUE	FALSE	FALSE
114	モンジャラ	TRUE	TRUE	TRUE	FALSE	FALSE	FALSE
115	ガルーラ	TRUE	TRUE	TRUE	FALSE	FALSE	FALSE
116	タッツー	TRUE	TRUE	TRUE	FALSE	FALSE	FALSE
117	シードラ	TRUE	TRUE	TRUE	FALSE	FALSE	FALSE
118	トサキント	TRUE	TRUE	TRUE	FALSE	FALSE	FALSE
119	アズマオウ	TRUE	TRUE	TRUE	FALSE	FALSE	FALSE
120	ヒトデマン	TRUE	TRUE	TRUE	FALSE	FALSE	FALSE
121	スターミー	TRUE	TRUE	TRUE	FALSE	FALSE	FALSE
122	バリヤード	TRUE	TRUE	TRUE	FALSE	FALSE	FALSE
123	ストライク	TRUE	TRUE	TRUE	TRUE	FALSE	FALSE
124	ルージュラ	TRUE	TRUE	TRUE	FALSE	FALSE	FALSE
125	エレブー	TRUE	TRUE	TRUE	FALSE	FALSE	FALSE
126	ブーバー	TRUE	TRUE	TRUE	FALSE	FALSE	FALSE
127	カイロス	TRUE	TRUE	TRUE	FALSE	FALSE	FALSE
128	ケンタロス	TRUE	TRUE	TRUE	TRUE	FALSE	FALSE
129	コイキング	TRUE	TRUE	TRUE	TRUE	FALSE	FALSE
130	ギャラドス	TRUE	TRUE	TRUE	TRUE	FALSE	FALSE
131	ラプラス	TRUE	TRUE	TRUE	FALSE	FALSE	FALSE
132	メタモン	TRUE	TRUE	TRUE	TRUE	FALSE	FALSE
133	イーブイ	TRUE	TRUE	TRUE	TRUE	FALSE	FALSE
134	シャワーズ	TRUE	TRUE	TRUE	TRUE	FALSE	FALSE
135	サンダース	TRUE	TRUE	TRUE	TRUE	FALSE	FALSE
136	ブースター	TRUE	TRUE	TRUE	TRUE	FALSE	FALSE
137	ポリゴン	TRUE	TRUE	TRUE	FALSE	FALSE	FALSE
138	オムナイト	TRUE	TRUE	TRUE	FALSE	FALSE	FALSE
139	オムスター	TRUE	TRUE	TRUE	FALSE	FALSE	FALSE
140	カブト	TRUE	TRUE	TRUE	FALSE	FALSE	FALSE
141	カブトプス	TRUE	TRUE	TRUE	FALSE	FALSE	FALSE
142	プテラ	TRUE	TRUE	TRUE	FALSE	FALSE	FALSE
143	カビゴン	TRUE	TRUE	TRUE	TRUE	FALSE	FALSE
144	フリーザー	TRUE	TRUE	TRUE	TRUE	FALSE	FALSE
145	サンダー	TRUE	TRUE	TRUE	TRUE	FALSE	FALSE
146	ファイヤー	TRUE	TRUE	TRUE	TRUE	FALSE	FALSE
147	ミニリュウ	TRUE	TRUE	TRUE	TRUE	FALSE	FALSE
148	ハクリュー	TRUE	TRUE	TRUE	TRUE	FALSE	FALSE
149	カイリュー	TRUE	TRUE	TRUE	TRUE	FALSE	FALSE
150	ミュウツー	TRUE	TRUE	TRUE	TRUE	TRUE	FALSE
151	ミュウ	TRUE	TRUE	TRUE	TRUE	FALSE	TRUE
152	チコリータ	TRUE	TRUE	FALSE	FALSE	FALSE	FALSE
153	ベイリーフ	TRUE	TRUE	FALSE	FALSE	FALSE	FALSE
154	メガニウム	TRUE	TRUE	FALSE	FALSE	FALSE	FALSE
155	ヒノアラシ	TRUE	TRUE	FALSE	TRUE	FALSE	FALSE
156	マグマラシ	TRUE	TRUE	FALSE	TRUE	FALSE	FALSE
157	バクフーン	TRUE	TRUE	FALSE	TRUE	FALSE	FALSE
158	ワニノコ	TRUE	TRUE	FALSE	FALSE	FALSE	FALSE
159	アリゲイツ	TRUE	TRUE	FALSE	FALSE	FALSE	FALSE
160	オーダイル	TRUE	TRUE	FALSE	FALSE	FALSE	FALSE
161	オタチ	TRUE	TRUE	FALSE	TRUE	FALSE	FALSE
162	オオタチ	TRUE	TRUE	FALSE	TRUE	FALSE	FALSE
163	ホーホー	TRUE	TRUE	TRUE	TRUE	FALSE	FALSE
164	ヨルノズク	TRUE	TRUE	TRUE	TRUE	FALSE	FALSE
165	レディバ	TRUE	TRUE	FALSE	FALSE	FALSE	FALSE
166	レディアン	TRUE	TRUE	FALSE	FALSE	FALSE	FALSE
167	イトマル	TRUE	TRUE	FALSE	TRUE	FALSE	FALSE
168	アリアドス	TRUE	TRUE	FALSE	TRUE	FALSE	FALSE
169	クロバット	TRUE	TRUE	TRUE	FALSE	FALSE	FALSE
170	チョンチー	TRUE	TRUE	TRUE	FALSE	FALSE	FALSE
171	ランターン	TRUE	TRUE	TRUE	FALSE	FALSE	FALSE
172	ピチュー	TRUE	TRUE	TRUE	TRUE	FALSE	FALSE
173	ピィ	TRUE	TRUE	TRUE	TRUE	FALSE	FALSE
174	ププリン	TRUE	TRUE	TRUE	TRUE	FALSE	FALSE
175	トゲピー	TRUE	TRUE	TRUE	FALSE	FALSE	FALSE
176	トゲチック	TRUE	TRUE	TRUE	FALSE	FALSE	FALSE
177	ネイティ	TRUE	TRUE	TRUE	FALSE	FALSE	FALSE
178	ネイティオ	TRUE	TRUE	TRUE	FALSE	FALSE	FALSE
179	メリープ	TRUE	TRUE	FALSE	TRUE	FALSE	FALSE
180	モココ	TRUE	TRUE	FALSE	TRUE	FALSE	FALSE
181	デンリュウ	TRUE	TRUE	FALSE	TRUE	FALSE	FALSE
182	キレイハナ	TRUE	TRUE	TRUE	FALSE	FALSE	FALSE
183	マリル	TRUE	TRUE	TRUE	TRUE	FALSE	FALSE
184	マリルリ	TRUE	TRUE	TRUE	TRUE	FALSE	FALSE
185	ウソッキー	TRUE	TRUE	TRUE	TRUE	FALSE	FALSE
186	ニョロトノ	TRUE	TRUE	TRUE	TRUE	FALSE	FALSE
187	ハネッコ	TRUE	TRUE	FALSE	TRUE	FALSE	FALSE
188	ポポッコ	TRUE	TRUE	FALSE	TRUE	FALSE	FALSE
189	ワタッコ	TRUE	TRUE	FALSE	TRUE	FALSE	FALSE
190	エイパム	TRUE	TRUE	FALSE	TRUE	FALSE	FALSE
191	ヒマナッツ	TRUE	TRUE	FALSE	TRUE	FALSE	FALSE
192	キマワリ	TRUE	TRUE	FALSE	TRUE	FALSE	FALSE
193	ヤンヤンマ	TRUE	TRUE	FALSE	TRUE	FALSE	FALSE
194	ウパー	TRUE	TRUE	TRUE	TRUE	FALSE	FALSE
195	ヌオー	TRUE	TRUE	TRUE	TRUE	FALSE	FALSE
196	エーフィ	TRUE	TRUE	TRUE	TRUE	FALSE	FALSE
197	ブラッキー	TRUE	TRUE	TRUE	TRUE	FALSE	FALSE
198	ヤミカラス	TRUE	TRUE	FALSE	TRUE	FALSE	FALSE
199	ヤドキング	TRUE	TRUE	TRUE	TRUE	FALSE	FALSE
200	ムウマ	TRUE	TRUE	FALSE	TRUE	FALSE	FALSE
201	アンノーン	TRUE	TRUE	FALSE	FALSE	FALSE	FALSE
202	ソーナンス	TRUE	TRUE	TRUE	FALSE	FALSE	FALSE
203	キリンリキ	TRUE	TRUE	FALSE	TRUE	FALSE	FALSE
204	クヌギダマ	TRUE	TRUE	FALSE	TRUE	FALSE	FALSE
205	フォレトス	TRUE	TRUE	FALSE	TRUE	FALSE	FALSE
206	ノコッチ	TRUE	TRUE	TRUE	TRUE	FALSE	FALSE
207	グライガー	TRUE	TRUE	FALSE	TRUE	FALSE	FALSE
208	ハガネール	TRUE	TRUE	TRUE	FALSE	FALSE	FALSE
209	ブルー	TRUE	TRUE	FALSE	FALSE	FALSE	FALSE
210	グランブル	TRUE	TRUE	FALSE	FALSE	FALSE	FALSE
211	ハリーセン	TRUE	TRUE	TRUE	TRUE	FALSE	FALSE
212	ハッサム	TRUE	TRUE	TRUE	TRUE	FALSE	FALSE
213	ツボツボ	TRUE	TRUE	TRUE	FALSE	FALSE	FALSE
214	ヘラクロス	TRUE	TRUE	TRUE	TRUE	FALSE	FALSE
215	ニューラ	TRUE	TRUE	TRUE	TRUE	FALSE	FALSE
216	ヒメグマ	TRUE	TRUE	FALSE	TRUE	FALSE	FALSE
217	リングマ	TRUE	TRUE	FALSE	TRUE	FALSE	FALSE
218	マグマッグ	TRUE	TRUE	FALSE	TRUE	FALSE	FALSE
219	マグカルゴ	TRUE	TRUE	FALSE	TRUE	FALSE	FALSE
220	ウリムー	TRUE	TRUE	TRUE	TRUE	FALSE	FALSE
221	イノムー	TRUE	TRUE	TRUE	TRUE	FALSE	FALSE
222	サニーゴ	TRUE	TRUE	TRUE	FALSE	FALSE	FALSE
223	テッポウオ	TRUE	TRUE	TRUE	FALSE	FALSE	FALSE
224	オクタン	TRUE	TRUE	TRUE	FALSE	FALSE	FALSE
225	デリバード	TRUE	TRUE	TRUE	TRUE	FALSE	FALSE
226	マンタイン	TRUE	TRUE	TRUE	FALSE	FALSE	FALSE
227	エアームド	TRUE	TRUE	TRUE	FALSE	FALSE	FALSE
228	デルビル	TRUE	TRUE	FALSE	TRUE	FALSE	FALSE
229	ヘルガー	TRUE	TRUE	FALSE	TRUE	FALSE	FALSE
230	キングドラ	TRUE	TRUE	TRUE	FALSE	FALSE	FALSE
231	ゴマゾウ	TRUE	TRUE	FALSE	TRUE	FALSE	FALSE
232	ドンファン	TRUE	TRUE	FALSE	TRUE	FALSE	FALSE
233	ポリゴン2	TRUE	TRUE	TRUE	FALSE	FALSE	FALSE
234	オドシシ	TRUE	TRUE	FALSE	TRUE	FALSE	FALSE
235	ドーブル	TRUE	TRUE	FALSE	FALSE	FALSE	FALSE
236	バルキー	TRUE	TRUE	TRUE	FALSE	FALSE	FALSE
237	カポエラー	TRUE	TRUE	TRUE	FALSE	FALSE	FALSE
238	ムチュール	TRUE	TRUE	TRUE	FALSE	FALSE	FALSE
239	エレキッド	TRUE	TRUE	TRUE	FALSE	FALSE	FALSE
240	ブビィ	TRUE	TRUE	TRUE	FALSE	FALSE	FALSE
241	ミルタンク	TRUE	TRUE	TRUE	FALSE	FALSE	FALSE
242	ハピナス	TRUE	TRUE	TRUE	TRUE	FALSE	FALSE
243	ライコウ	TRUE	TRUE	TRUE	FALSE	FALSE	FALSE
244	エンテイ	TRUE	TRUE	TRUE	FALSE	FALSE	FALSE
245	スイクン	TRUE	TRUE	TRUE	FALSE	FALSE	FALSE
246	ヨーギラス	TRUE	TRUE	TRUE	TRUE	FALSE	FALSE
247	サナギラス	TRUE	TRUE	TRUE	TRUE	FALSE	FALSE
248	バンギラス	TRUE	TRUE	TRUE	TRUE	FALSE	FALSE
249	ルギア	TRUE	TRUE	TRUE	FALSE	TRUE	FALSE
250	ホウオウ	TRUE	TRUE	TRUE	FALSE	TRUE	FALSE
251	セレビィ	TRUE	TRUE	TRUE	FALSE	FALSE	TRUE
252	キモリ	TRUE	TRUE	TRUE	FALSE	FALSE	FALSE
253	ジュプトル	TRUE	TRUE	TRUE	FALSE	FALSE	FALSE
254	ジュカイン	TRUE	TRUE	TRUE	FALSE	FALSE	FALSE
255	アチャモ	TRUE	TRUE	TRUE	FALSE	FALSE	FALSE
256	ワカシャモ	TRUE	TRUE	TRUE	FALSE	FALSE	FALSE
257	バシャーモ	TRUE	TRUE	TRUE	FALSE	FALSE	FALSE
258	ミズゴロウ	TRUE	TRUE	TRUE	FALSE	FALSE	FALSE
259	ヌマクロー	TRUE	TRUE	TRUE	FALSE	FALSE	FALSE
260	ラグラージ	TRUE	TRUE	TRUE	FALSE	FALSE	FALSE
261	ポチエナ	TRUE	TRUE	FALSE	TRUE	FALSE	FALSE
262	グラエナ	TRUE	TRUE	FALSE	TRUE	FALSE	FALSE
263	ジグザグマ	TRUE	TRUE	TRUE	FALSE	FALSE	FALSE
264	マッスグマ	TRUE	TRUE	TRUE	FALSE	FALSE	FALSE
265	ケムッソ	TRUE	TRUE	FALSE	FALSE	FALSE	FALSE
266	カラサリス	TRUE	TRUE	FALSE	FALSE	FALSE	FALSE
267	アゲハント	TRUE	TRUE	FALSE	FALSE	FALSE	FALSE
268	マユルド	TRUE	TRUE	FALSE	FALSE	FALSE	FALSE
269	ドクケイル	TRUE	TRUE	FALSE	FALSE	FALSE	FALSE
270	ハスボー	TRUE	TRUE	TRUE	TRUE	FALSE	FALSE
271	ハスブレロ	TRUE	TRUE	TRUE	TRUE	FALSE	FALSE
272	ルンパッパ	TRUE	TRUE	TRUE	TRUE	FALSE	FALSE
273	タネボー	TRUE	TRUE	TRUE	TRUE	FALSE	FALSE
274	コノハナ	TRUE	TRUE	TRUE	TRUE	FALSE	FALSE
275	ダーテング	TRUE	TRUE	TRUE	TRUE	FALSE	FALSE
276	スバメ	TRUE	TRUE	FALSE	FALSE	FALSE	FALSE
277	オオスバメ	TRUE	TRUE	FALSE	FALSE	FALSE	FALSE
278	キャモメ	TRUE	TRUE	TRUE	TRUE	FALSE	FALSE
279	ペリッパー	TRUE	TRUE	TRUE	TRUE	FALSE	FALSE
280	ラルトス	TRUE	TRUE	TRUE	TRUE	FALSE	FALSE
281	キルリア	TRUE	TRUE	TRUE	TRUE	FALSE	FALSE
282	サーナイト	TRUE	TRUE	TRUE	TRUE	FALSE	FALSE
283	アメタマ	TRUE	TRUE	FALSE	TRUE	FALSE	FALSE
284	アメモース	TRUE	TRUE	FALSE	TRUE	FALSE	FALSE
285	キノココ	TRUE	TRUE	FALSE	TRUE	FALSE	FALSE
286	キノガッサ	TRUE	TRUE	FALSE	TRUE	FALSE	FALSE
287	ナマケロ	TRUE	TRUE	FALSE	TRUE	FALSE	FALSE
288	ヤルキモノ	TRUE	TRUE	FALSE	TRUE	FALSE	FALSE
289	ケッキング	TRUE	TRUE	FALSE	TRUE	FALSE	FALSE
290	ツチニン	TRUE	TRUE	TRUE	FALSE	FALSE	FALSE
291	テッカニン	TRUE	TRUE	TRUE	FALSE	FALSE	FALSE
292	ヌケニン	TRUE	TRUE	TRUE	FALSE	FALSE	FALSE
293	ゴニョニョ	TRUE	TRUE	TRUE	FALSE	FALSE	FALSE
294	ドゴーム	TRUE	TRUE	TRUE	FALSE	FALSE	FALSE
295	バクオング	TRUE	TRUE	TRUE	FALSE	FALSE	FALSE
296	マクノシタ	TRUE	TRUE	FALSE	TRUE	FALSE	FALSE
297	ハリテヤマ	TRUE	TRUE	FALSE	TRUE	FALSE	FALSE
298	ルリリ	TRUE	TRUE	TRUE	TRUE	FALSE	FALSE
299	ノズパス	TRUE	TRUE	FALSE	TRUE	FALSE	FALSE
300	エネコ	TRUE	TRUE	FALSE	FALSE	FALSE	FALSE
301	エネコロロ	TRUE	TRUE	FALSE	FALSE	FALSE	FALSE
302	ヤミラミ	TRUE	TRUE	TRUE	TRUE	FALSE	FALSE
303	クチート	TRUE	TRUE	TRUE	FALSE	FALSE	FALSE
304	ココドラ	TRUE	TRUE	TRUE	FALSE	FALSE	FALSE
305	コドラ	TRUE	TRUE	TRUE	FALSE	FALSE	FALSE
306	ボスゴドラ	TRUE	TRUE	TRUE	FALSE	FALSE	FALSE
307	アサナン	TRUE	TRUE	FALSE	TRUE	FALSE	FALSE
308	チャーレム	TRUE	TRUE	FALSE	TRUE	FALSE	FALSE
309	ラクライ	TRUE	TRUE	TRUE	FALSE	FALSE	FALSE
310	ライボルト	TRUE	TRUE	TRUE	FALSE	FALSE	FALSE
311	プラスル	TRUE	TRUE	FALSE	FALSE	FALSE	FALSE
312	マイナン	TRUE	TRUE	FALSE	FALSE	FALSE	FALSE
313	バルビート	TRUE	TRUE	FALSE	TRUE	FALSE	FALSE
314	イルミーゼ	TRUE	TRUE	FALSE	TRUE	FALSE	FALSE
315	ロゼリア	TRUE	TRUE	TRUE	FALSE	FALSE	FALSE
316	ゴクリン	TRUE	TRUE	FALSE	TRUE	FALSE	FALSE
317	マルノーム	TRUE	TRUE	FALSE	TRUE	FALSE	FALSE
318	キバニア	TRUE	TRUE	TRUE	FALSE	FALSE	FALSE
319	サメハダー	TRUE	TRUE	TRUE	FALSE	FALSE	FALSE
320	ホエルコ	TRUE	TRUE	TRUE	FALSE	FALSE	FALSE
321	ホエルオー	TRUE	TRUE	TRUE	FALSE	FALSE	FALSE
322	ドンメル	TRUE	TRUE	FALSE	TRUE	FALSE	FALSE
323	バクーダ	TRUE	TRUE	FALSE	TRUE	FALSE	FALSE
324	コータス	TRUE	TRUE	TRUE	TRUE	FALSE	FALSE
325	バネブー	TRUE	TRUE	FALSE	TRUE	FALSE	FALSE
326	ブーピッグ	TRUE	TRUE	FALSE	TRUE	FALSE	FALSE
327	パッチール	TRUE	TRUE	FALSE	FALSE	FALSE	FALSE
328	ナックラー	TRUE	TRUE	TRUE	FALSE	FALSE	FALSE
329	ビブラーバ	TRUE	TRUE	TRUE	FALSE	FALSE	FALSE
330	フライゴン	TRUE	TRUE	TRUE	FALSE	FALSE	FALSE
331	サボネア	TRUE	TRUE	FALSE	TRUE	FALSE	FALSE
332	ノクタス	TRUE	TRUE	FALSE	TRUE	FALSE	FALSE
333	チルット	TRUE	TRUE	TRUE	TRUE	FALSE	FALSE
334	チルタリス	TRUE	TRUE	TRUE	TRUE	FALSE	FALSE
335	ザングース	TRUE	TRUE	FALSE	TRUE	FALSE	FALSE
336	ハブネーク	TRUE	TRUE	FALSE	TRUE	FALSE	FALSE
337	ルナトーン	TRUE	TRUE	TRUE	FALSE	FALSE	FALSE
338	ソルロック	TRUE	TRUE	TRUE	FALSE	FALSE	FALSE
339	ドジョッチ	TRUE	TRUE	TRUE	TRUE	FALSE	FALSE
340	ナマズン	TRUE	TRUE	TRUE	TRUE	FALSE	FALSE
341	ヘイガニ	TRUE	TRUE	TRUE	TRUE	FALSE	FALSE
342	シザリガー	TRUE	TRUE	TRUE	TRUE	FALSE	FALSE
343	ヤジロン	TRUE	TRUE	TRUE	FALSE	FALSE	FALSE
344	ネンドール	TRUE	TRUE	TRUE	FALSE	FALSE	FALSE
345	リリーラ	TRUE	TRUE	TRUE	FALSE	FALSE	FALSE
346	ユレイドル	TRUE	TRUE	TRUE	FALSE	FALSE	FALSE
347	アノプス	TRUE	TRUE	TRUE	FALSE	FALSE	FALSE
348	アーマルド	TRUE	TRUE	TRUE	FALSE	FALSE	FALSE
349	ヒンバス	TRUE	TRUE	TRUE	TRUE	FALSE	FALSE
350	ミロカロス	TRUE	TRUE	TRUE	TRUE	FALSE	FALSE
351	ポワルン	TRUE	TRUE	FALSE	FALSE	FALSE	FALSE
352	カクレオン	TRUE	TRUE	FALSE	FALSE	FALSE	FALSE
353	カゲボウズ	TRUE	TRUE	FALSE	TRUE	FALSE	FALSE
354	ジュペッタ	TRUE	TRUE	FALSE	TRUE	FALSE	FALSE
355	ヨマワル	TRUE	TRUE	TRUE	TRUE	FALSE	FALSE
356	サマヨール	TRUE	TRUE	TRUE	TRUE	FALSE	FALSE
357	トロピウス	TRUE	TRUE	FALSE	TRUE	FALSE	FALSE
358	チリーン	TRUE	TRUE	FALSE	TRUE	FALSE	FALSE
359	アブソル	TRUE	TRUE	TRUE	FALSE	FALSE	FALSE
360	ソーナノ	TRUE	TRUE	TRUE	FALSE	FALSE	FALSE
361	ユキワラシ	TRUE	TRUE	TRUE	TRUE	FALSE	FALSE
362	オニゴーリ	TRUE	TRUE	TRUE	TRUE	FALSE	FALSE
363	タマザラシ	TRUE	TRUE	TRUE	FALSE	FALSE	FALSE
364	トドグラー	TRUE	TRUE	TRUE	FALSE	FALSE	FALSE
365	トドゼルガ	TRUE	TRUE	TRUE	FALSE	FALSE	FALSE
366	パールル	TRUE	TRUE	FALSE	FALSE	FALSE	FALSE
367	ハンテール	TRUE	TRUE	FALSE	FALSE	FALSE	FALSE
368	サクラビス	TRUE	TRUE	FALSE	FALSE	FALSE	FALSE
369	ジーランス	TRUE	TRUE	TRUE	FALSE	FALSE	FALSE
370	ラブカス	TRUE	TRUE	FALSE	TRUE	FALSE	FALSE
371	タツベイ	TRUE	TRUE	TRUE	TRUE	FALSE	FALSE
372	コモルー	TRUE	TRUE	TRUE	TRUE	FALSE	FALSE
373	ボーマンダ	TRUE	TRUE	TRUE	TRUE	FALSE	FALSE
374	ダンバル	TRUE	TRUE	TRUE	FALSE	FALSE	FALSE
375	メタング	TRUE	TRUE	TRUE	FALSE	FALSE	FALSE
376	メタグロス	TRUE	TRUE	TRUE	FALSE	FALSE	FALSE
377	レジロック	TRUE	TRUE	TRUE	FALSE	FALSE	FALSE
378	レジアイス	TRUE	TRUE	TRUE	FALSE	FALSE	FALSE
379	レジスチル	TRUE	TRUE	TRUE	FALSE	FALSE	FALSE
380	ラティアス	TRUE	TRUE	TRUE	FALSE	FALSE	FALSE
381	ラティオス	TRUE	TRUE	TRUE	FALSE	FALSE	FALSE
382	カイオーガ	TRUE	TRUE	TRUE	TRUE	TRUE	FALSE
383	グラードン	TRUE	TRUE	TRUE	TRUE	TRUE	FALSE
384	レックウザ	TRUE	TRUE	TRUE	TRUE	TRUE	FALSE
385	ジラーチ	TRUE	TRUE	TRUE	TRUE	FALSE	TRUE
386	デオキシス	TRUE	TRUE	FALSE	FALSE	FALSE	TRUE
387	ナエトル	TRUE	TRUE	FALSE	TRUE	FALSE	FALSE
388	ハヤシガメ	TRUE	TRUE	FALSE	TRUE	FALSE	FALSE
389	ドダイトス	TRUE	TRUE	FALSE	TRUE	FALSE	FALSE
390	ヒコザル	TRUE	TRUE	FALSE	TRUE	FALSE	FALSE
391	モウカザル	TRUE	TRUE	FALSE	TRUE	FALSE	FALSE
392	ゴウカザル	TRUE	TRUE	FALSE	TRUE	FALSE	FALSE
393	ポッチャマ	TRUE	TRUE	FALSE	TRUE	FALSE	FALSE
394	ポッタイシ	TRUE	TRUE	FALSE	TRUE	FALSE	FALSE
395	エンペルト	TRUE	TRUE	FALSE	TRUE	FALSE	FALSE
396	ムックル	TRUE	TRUE	FALSE	TRUE	FALSE	FALSE
397	ムクバード	TRUE	TRUE	FALSE	TRUE	FALSE	FALSE
398	ムクホーク	TRUE	TRUE	FALSE	TRUE	FALSE	FALSE
399	ビッパ	TRUE	TRUE	FALSE	FALSE	FALSE	FALSE
400	ビーダル	TRUE	TRUE	FALSE	FALSE	FALSE	FALSE
401	コロボーシ	TRUE	TRUE	FALSE	TRUE	FALSE	FALSE
402	コロトック	TRUE	TRUE	FALSE	TRUE	FALSE	FALSE
403	コリンク	TRUE	TRUE	TRUE	TRUE	FALSE	FALSE
404	ルクシオ	TRUE	TRUE	TRUE	TRUE	FALSE	FALSE
405	レントラー	TRUE	TRUE	TRUE	TRUE	FALSE	FALSE
406	スボミー	TRUE	TRUE	TRUE	FALSE	FALSE	FALSE
407	ロズレイド	TRUE	TRUE	TRUE	FALSE	FALSE	FALSE
408	ズガイドス	TRUE	TRUE	FALSE	FALSE	FALSE	FALSE
409	ラムパルド	TRUE	TRUE	FALSE	FALSE	FALSE	FALSE
410	タテトプス	TRUE	TRUE	FALSE	FALSE	FALSE	FALSE
411	トリデプス	TRUE	TRUE	FALSE	FALSE	FALSE	FALSE
412	ミノムッチ	TRUE	TRUE	FALSE	FALSE	FALSE	FALSE
413	ミノマダム	TRUE	TRUE	FALSE	FALSE	FALSE	FALSE
414	ガーメイル	TRUE	TRUE	FALSE	FALSE	FALSE	FALSE
415	ミツハニー	TRUE	TRUE	TRUE	TRUE	FALSE	FALSE
416	ビークイン	TRUE	TRUE	TRUE	TRUE	FALSE	FALSE
417	パチリス	TRUE	TRUE	FALSE	TRUE	FALSE	FALSE
418	ブイゼル	TRUE	TRUE	FALSE	TRUE	FALSE	FALSE
419	フローゼル	TRUE	TRUE	FALSE	TRUE	FALSE	FALSE
420	チェリンボ	TRUE	TRUE	TRUE	FALSE	FALSE	FALSE
421	チェリム	TRUE	TRUE	TRUE	FALSE	FALSE	FALSE
422	カラナクシ	TRUE	TRUE	TRUE	TRUE	FALSE	FALSE
423	トリトドン	TRUE	TRUE	TRUE	TRUE	FALSE	FALSE
424	エテボース	TRUE	TRUE	FALSE	TRUE	FALSE	FALSE
425	フワンテ	TRUE	TRUE	TRUE	TRUE	FALSE	FALSE
426	フワライド	TRUE	TRUE	TRUE	TRUE	FALSE	FALSE
427	ミミロル	TRUE	TRUE	TRUE	FALSE	FALSE	FALSE
428	ミミロップ	TRUE	TRUE	TRUE	FALSE	FALSE	FALSE
429	ムウマージ	TRUE	TRUE	FALSE	TRUE	FALSE	FALSE
430	ドンカラス	TRUE	TRUE	FALSE	TRUE	FALSE	FALSE
431	ニャルマー	TRUE	TRUE	FALSE	FALSE	FALSE	FALSE
432	ブニャット	TRUE	TRUE	FALSE	FALSE	FALSE	FALSE
433	リーシャン	TRUE	TRUE	FALSE	TRUE	FALSE	FALSE
434	スカンプー	TRUE	TRUE	TRUE	TRUE	FALSE	FALSE
435	スカタンク	TRUE	TRUE	TRUE	TRUE	FALSE	FALSE
436	ドーミラー	TRUE	TRUE	TRUE	TRUE	FALSE	FALSE
437	ドータクン	TRUE	TRUE	TRUE	TRUE	FALSE	FALSE
438	ウソハチ	TRUE	TRUE	TRUE	TRUE	FALSE	FALSE
439	マネネ	TRUE	TRUE	TRUE	FALSE	FALSE	FALSE
440	ピンプク	TRUE	TRUE	TRUE	TRUE	FALSE	FALSE
441	ペラップ	TRUE	TRUE	FALSE	FALSE	FALSE	FALSE
442	ミカルゲ	TRUE	TRUE	TRUE	TRUE	FALSE	FALSE
443	フカマル	TRUE	TRUE	TRUE	TRUE	FALSE	FALSE
444	ガバイト	TRUE	TRUE	TRUE	TRUE	FALSE	FALSE
445	ガブリアス	TRUE	TRUE	TRUE	TRUE	FALSE	FALSE
446	ゴンベ	TRUE	TRUE	TRUE	TRUE	FALSE	FALSE
447	リオル	TRUE	TRUE	TRUE	TRUE	FALSE	FALSE
448	ルカリオ	TRUE	TRUE	TRUE	TRUE	FALSE	FALSE
449	ヒポポタス	TRUE	TRUE	TRUE	TRUE	FALSE	FALSE
450	カバルドン	TRUE	TRUE	TRUE	TRUE	FALSE	FALSE
451	スコルピ	TRUE	TRUE	TRUE	FALSE	FALSE	FALSE
452	ドラピオン	TRUE	TRUE	TRUE	FALSE	FALSE	FALSE
453	グレッグル	TRUE	TRUE	TRUE	TRUE	FALSE	FALSE
454	ドクロッグ	TRUE	TRUE	TRUE	TRUE	FALSE	FALSE
455	マスキッパ	TRUE	TRUE	FALSE	FALSE	FALSE	FALSE
456	ケイコウオ	TRUE	TRUE	FALSE	TRUE	FALSE	FALSE
457	ネオラント	TRUE	TRUE	FALSE	TRUE	FALSE	FALSE
458	タマンタ	TRUE	TRUE	TRUE	FALSE	FALSE	FALSE
459	ユキカブリ	TRUE	TRUE	TRUE	TRUE	FALSE	FALSE
460	ユキノオー	TRUE	TRUE	TRUE	TRUE	FALSE	FALSE
461	マニューラ	TRUE	TRUE	TRUE	TRUE	FALSE	FALSE
462	ジバコイル	TRUE	TRUE	TRUE	TRUE	FALSE	FALSE
463	ベロベルト	TRUE	TRUE	TRUE	FALSE	FALSE	FALSE
464	ドサイドン	TRUE	TRUE	TRUE	FALSE	FALSE	FALSE
465	モジャンボ	TRUE	TRUE	TRUE	FALSE	FALSE	FALSE
466	エレキブル	TRUE	TRUE	TRUE	FALSE	FALSE	FALSE
467	ブーバーン	TRUE	TRUE	TRUE	FALSE	FALSE	FALSE
468	トゲキッス	TRUE	TRUE	TRUE	FALSE	FALSE	FALSE
469	メガヤンマ	TRUE	TRUE	FALSE	TRUE	FALSE	FALSE
470	リーフィア	TRUE	TRUE	TRUE	TRUE	FALSE	FALSE
471	グレイシア	TRUE	TRUE	TRUE	TRUE	FALSE	FALSE
472	グライオン	TRUE	TRUE	FALSE	TRUE	FALSE	FALSE
473	マンムー	TRUE	TRUE	TRUE	TRUE	FALSE	FALSE
474	ポリゴンZ	TRUE	TRUE	TRUE	FALSE	FALSE	FALSE
475	エルレイド	TRUE	TRUE	TRUE	TRUE	FALSE	FALSE
476	ダイノーズ	TRUE	TRUE	FALSE	TRUE	FALSE	FALSE
477	ヨノワール	TRUE	TRUE	TRUE	TRUE	FALSE	FALSE
478	ユキメノコ	TRUE	TRUE	TRUE	TRUE	FALSE	FALSE
479	ロトム	TRUE	TRUE	TRUE	TRUE	FALSE	FALSE
480	ユクシー	TRUE	TRUE	TRUE	TRUE	FALSE	FALSE
481	エムリット	TRUE	TRUE	TRUE	TRUE	FALSE	FALSE
482	アグノム	TRUE	TRUE	TRUE	TRUE	FALSE	FALSE
483	ディアルガ	TRUE	TRUE	TRUE	TRUE	TRUE	FALSE
484	パルキア	TRUE	TRUE	TRUE	TRUE	TRUE	FALSE
485	ヒードラン	TRUE	TRUE	TRUE	TRUE	FALSE	FALSE
486	レジギガス	TRUE	TRUE	TRUE	FALSE	FALSE	FALSE
487	ギラティナ	TRUE	TRUE	TRUE	TRUE	TRUE	FALSE
488	クレセリア	TRUE	TRUE	TRUE	TRUE	FALSE	FALSE
489	フィオネ	TRUE	TRUE	FALSE	TRUE	FALSE	TRUE
490	マナフィ	TRUE	TRUE	FALSE	TRUE	FALSE	TRUE
491	ダークライ	TRUE	TRUE	FALSE	TRUE	FALSE	TRUE
492	シェイミ	TRUE	TRUE	FALSE	TRUE	FALSE	TRUE
493	アルセウス	TRUE	TRUE	FALSE	TRUE	FALSE	TRUE
494	ビクティニ	TRUE	TRUE	TRUE	FALSE	FALSE	TRUE
495	ツタージャ	TRUE	TRUE	FALSE	FALSE	FALSE	FALSE
496	ジャノビー	TRUE	TRUE	FALSE	FALSE	FALSE	FALSE
497	ジャローダ	TRUE	TRUE	FALSE	FALSE	FALSE	FALSE
498	ポカブ	TRUE	TRUE	FALSE	FALSE	FALSE	FALSE
499	チャオブー	TRUE	TRUE	FALSE	FALSE	FALSE	FALSE
500	エンブオー	TRUE	TRUE	FALSE	FALSE	FALSE	FALSE
501	ミジュマル	TRUE	TRUE	FALSE	TRUE	FALSE	FALSE
502	フタチマル	TRUE	TRUE	FALSE	TRUE	FALSE	FALSE
503	ダイケンキ	TRUE	TRUE	FALSE	TRUE	FALSE	FALSE
504	ミネズミ	TRUE	TRUE	FALSE	FALSE	FALSE	FALSE
505	ミルホッグ	TRUE	TRUE	FALSE	FALSE	FALSE	FALSE
506	ヨーテリー	TRUE	TRUE	TRUE	FALSE	FALSE	FALSE
507	ハーデリア	TRUE	TRUE	TRUE	FALSE	FALSE	FALSE
508	ムーランド	TRUE	TRUE	TRUE	FALSE	FALSE	FALSE
509	チョロネコ	TRUE	TRUE	TRUE	FALSE	FALSE	FALSE
510	レパルダス	TRUE	TRUE	TRUE	FALSE	FALSE	FALSE
511	ヤナップ	TRUE	TRUE	FALSE	FALSE	FALSE	FALSE
512	ヤナッキー	TRUE	TRUE	FALSE	FALSE	FALSE	FALSE
513	バオップ	TRUE	TRUE	FALSE	FALSE	FALSE	FALSE
514	バオッキー	TRUE	TRUE	FALSE	FALSE	FALSE	FALSE
515	ヒヤップ	TRUE	TRUE	FALSE	FALSE	FALSE	FALSE
516	ヒヤッキー	TRUE	TRUE	FALSE	FALSE	FALSE	FALSE
517	ムンナ	TRUE	TRUE	TRUE	FALSE	FALSE	FALSE
518	ムシャーナ	TRUE	TRUE	TRUE	FALSE	FALSE	FALSE
519	マメパト	TRUE	TRUE	TRUE	FALSE	FALSE	FALSE
520	ハトーボー	TRUE	TRUE	TRUE	FALSE	FALSE	FALSE
521	ケンホロウ	TRUE	TRUE	TRUE	FALSE	FALSE	FALSE
522	シママ	TRUE	TRUE	FALSE	FALSE	FALSE	FALSE
523	ゼブライカ	TRUE	TRUE	FALSE	FALSE	FALSE	FALSE
524	ダンゴロ	TRUE	TRUE	TRUE	FALSE	FALSE	FALSE
525	ガントル	TRUE	TRUE	TRUE	FALSE	FALSE	FALSE
526	ギガイアス	TRUE	TRUE	TRUE	FALSE	FALSE	FALSE
527	コロモリ	TRUE	TRUE	TRUE	FALSE	FALSE	FALSE
528	ココロモリ	TRUE	TRUE	TRUE	FALSE	FALSE	FALSE
529	モグリュー	TRUE	TRUE	TRUE	FALSE	FALSE	FALSE
530	ドリュウズ	TRUE	TRUE	TRUE	FALSE	FALSE	FALSE
531	タブンネ	TRUE	TRUE	TRUE	FALSE	FALSE	FALSE
532	ドッコラー	TRUE	TRUE	TRUE	TRUE	FALSE	FALSE
533	ドテッコツ	TRUE	TRUE	TRUE	TRUE	FALSE	FALSE
534	ローブシン	TRUE	TRUE	TRUE	TRUE	FALSE	FALSE
535	オタマロ	TRUE	TRUE	TRUE	FALSE	FALSE	FALSE
536	ガマガル	TRUE	TRUE	TRUE	FALSE	FALSE	FALSE
537	ガマゲロゲ	TRUE	TRUE	TRUE	FALSE	FALSE	FALSE
538	ナゲキ	TRUE	TRUE	TRUE	FALSE	FALSE	FALSE
539	ダゲキ	TRUE	TRUE	TRUE	FALSE	FALSE	FALSE
540	クルミル	TRUE	TRUE	FALSE	TRUE	FALSE	FALSE
541	クルマユ	TRUE	TRUE	FALSE	TRUE	FALSE	FALSE
542	ハハコモリ	TRUE	TRUE	FALSE	TRUE	FALSE	FALSE
543	フシデ	TRUE	TRUE	TRUE	FALSE	FALSE	FALSE
544	ホイーガ	TRUE	TRUE	TRUE	FALSE	FALSE	FALSE
545	ペンドラー	TRUE	TRUE	TRUE	FALSE	FALSE	FALSE
546	モンメン	TRUE	TRUE	TRUE	FALSE	FALSE	FALSE
547	エルフーン	TRUE	TRUE	TRUE	FALSE	FALSE	FALSE
548	チュリネ	TRUE	TRUE	TRUE	TRUE	FALSE	FALSE
549	ドレディア	TRUE	TRUE	TRUE	TRUE	FALSE	FALSE
550	バスラオ	TRUE	TRUE	TRUE	TRUE	FALSE	FALSE
551	メグロコ	TRUE	TRUE	TRUE	TRUE	FALSE	FALSE
552	ワルビル	TRUE	TRUE	TRUE	TRUE	FALSE	FALSE
553	ワルビアル	TRUE	TRUE	TRUE	TRUE	FALSE	FALSE
554	ダルマッカ	TRUE	TRUE	TRUE	FALSE	FALSE	FALSE
555	ヒヒダルマ	TRUE	TRUE	TRUE	FALSE	FALSE	FALSE
556	マラカッチ	TRUE	TRUE	TRUE	FALSE	FALSE	FALSE
557	イシズマイ	TRUE	TRUE	TRUE	FALSE	FALSE	FALSE
558	イワパレス	TRUE	TRUE	TRUE	FALSE	FALSE	FALSE
559	ズルッグ	TRUE	TRUE	TRUE	FALSE	FALSE	FALSE
560	ズルズキン	TRUE	TRUE	TRUE	FALSE	FALSE	FALSE
561	シンボラー	TRUE	TRUE	TRUE	FALSE	FALSE	FALSE
562	デスマス	TRUE	TRUE	TRUE	FALSE	FALSE	FALSE
563	デスカーン	TRUE	TRUE	TRUE	FALSE	FALSE	FALSE
564	プロトーガ	TRUE	TRUE	TRUE	FALSE	FALSE	FALSE
565	アバゴーラ	TRUE	TRUE	TRUE	FALSE	FALSE	FALSE
566	アーケン	TRUE	TRUE	TRUE	FALSE	FALSE	FALSE
567	アーケオス	TRUE	TRUE	TRUE	FALSE	FALSE	FALSE
568	ヤブクロン	TRUE	TRUE	TRUE	FALSE	FALSE	FALSE
569	ダストダス	TRUE	TRUE	TRUE	FALSE	FALSE	FALSE
570	ゾロア	TRUE	TRUE	TRUE	TRUE	FALSE	FALSE
571	ゾロアーク	TRUE	TRUE	TRUE	TRUE	FALSE	FALSE
572	チラーミィ	TRUE	TRUE	TRUE	FALSE	FALSE	FALSE
573	チラチーノ	TRUE	TRUE	TRUE	FALSE	FALSE	FALSE
574	ゴチム	TRUE	TRUE	TRUE	TRUE	FALSE	FALSE
575	ゴチミル	TRUE	TRUE	TRUE	TRUE	FALSE	FALSE
576	ゴチルゼル	TRUE	TRUE	TRUE	TRUE	FALSE	FALSE
577	ユニラン	TRUE	TRUE	TRUE	FALSE	FALSE	FALSE
578	ダブラン	TRUE	TRUE	TRUE	FALSE	FALSE	FALSE
579	ランクルス	TRUE	TRUE	TRUE	FALSE	FALSE	FALSE
580	コアルヒー	TRUE	TRUE	FALSE	TRUE	FALSE	FALSE
581	スワンナ	TRUE	TRUE	FALSE	TRUE	FALSE	FALSE
582	バニプッチ	TRUE	TRUE	TRUE	FALSE	FALSE	FALSE
583	バニリッチ	TRUE	TRUE	TRUE	FALSE	FALSE	FALSE
584	バイバニラ	TRUE	TRUE	TRUE	FALSE	FALSE	FALSE
585	シキジカ	TRUE	TRUE	FALSE	TRUE	FALSE	FALSE
586	メブキジカ	TRUE	TRUE	FALSE	TRUE	FALSE	FALSE
587	エモンガ	TRUE	TRUE	TRUE	FALSE	FALSE	FALSE
588	カブルモ	TRUE	TRUE	TRUE	FALSE	FALSE	FALSE
589	シュバルゴ	TRUE	TRUE	TRUE	FALSE	FALSE	FALSE
590	タマゲタケ	TRUE	TRUE	TRUE	TRUE	FALSE	FALSE
591	モロバレル	TRUE	TRUE	TRUE	TRUE	FALSE	FALSE
592	プルリル	TRUE	TRUE	TRUE	FALSE	FALSE	FALSE
593	ブルンゲル	TRUE	TRUE	TRUE	FALSE	FALSE	FALSE
594	ママンボウ	TRUE	TRUE	FALSE	TRUE	FALSE	FALSE
595	バチュル	TRUE	TRUE	TRUE	FALSE	FALSE	FALSE
596	デンチュラ	TRUE	TRUE	TRUE	FALSE	FALSE	FALSE
597	テッシード	TRUE	TRUE	TRUE	FALSE	FALSE	FALSE
598	ナットレイ	TRUE	TRUE	TRUE	FALSE	FALSE	FALSE
599	ギアル	TRUE	TRUE	TRUE	FALSE	FALSE	FALSE
600	ギギアル	TRUE	TRUE	TRUE	FALSE	FALSE	FALSE
601	ギギギアル	TRUE	TRUE	TRUE	FALSE	FALSE	FALSE
602	シビシラス	TRUE	TRUE	FALSE	TRUE	FALSE	FALSE
603	シビビール	TRUE	TRUE	FALSE	TRUE	FALSE	FALSE
604	シビルドン	TRUE	TRUE	FALSE	TRUE	FALSE	FALSE
605	リグレー	TRUE	TRUE	TRUE	FALSE	FALSE	FALSE
606	オーベム	TRUE	TRUE	TRUE	FALSE	FALSE	FALSE
607	ヒトモシ	TRUE	TRUE	TRUE	TRUE	FALSE	FALSE
608	ランプラー	TRUE	TRUE	TRUE	TRUE	FALSE	FALSE
609	シャンデラ	TRUE	TRUE	TRUE	TRUE	FALSE	FALSE
610	キバゴ	TRUE	TRUE	TRUE	TRUE	FALSE	FALSE
611	オノンド	TRUE	TRUE	TRUE	TRUE	FALSE	FALSE
612	オノノクス	TRUE	TRUE	TRUE	TRUE	FALSE	FALSE
613	クマシュン	TRUE	TRUE	TRUE	TRUE	FALSE	FALSE
614	ツンベアー	TRUE	TRUE	TRUE	TRUE	FALSE	FALSE
615	フリージオ	TRUE	TRUE	TRUE	TRUE	FALSE	FALSE
616	チョボマキ	TRUE	TRUE	TRUE	FALSE	FALSE	FALSE
617	アギルダー	TRUE	TRUE	TRUE	FALSE	FALSE	FALSE
618	マッギョ	TRUE	TRUE	TRUE	FALSE	FALSE	FALSE
619	コジョフー	TRUE	TRUE	TRUE	TRUE	FALSE	FALSE
620	コジョンド	TRUE	TRUE	TRUE	TRUE	FALSE	FALSE
621	クリムガン	TRUE	TRUE	TRUE	FALSE	FALSE	FALSE
622	ゴビット	TRUE	TRUE	TRUE	FALSE	FALSE	FALSE
623	ゴルーグ	TRUE	TRUE	TRUE	FALSE	FALSE	FALSE
624	コマタナ	TRUE	TRUE	TRUE	TRUE	FALSE	FALSE
625	キリキザン	TRUE	TRUE	TRUE	TRUE	FALSE	FALSE
626	バッフロン	TRUE	TRUE	TRUE	FALSE	FALSE	FALSE
627	ワシボン	TRUE	TRUE	TRUE	TRUE	FALSE	FALSE
628	ウォーグル	TRUE	TRUE	TRUE	TRUE	FALSE	FALSE
629	バルチャイ	TRUE	TRUE	TRUE	TRUE	FALSE	FALSE
630	バルジーナ	TRUE	TRUE	TRUE	TRUE	FALSE	FALSE
631	クイタラン	TRUE	TRUE	TRUE	FALSE	FALSE	FALSE
632	アイアント	TRUE	TRUE	TRUE	FALSE	FALSE	FALSE
633	モノズ	TRUE	TRUE	TRUE	TRUE	FALSE	FALSE
634	ジヘッド	TRUE	TRUE	TRUE	TRUE	FALSE	FALSE
635	サザンドラ	TRUE	TRUE	TRUE	TRUE	FALSE	FALSE
636	メラルバ	TRUE	TRUE	TRUE	TRUE	FALSE	FALSE
637	ウルガモス	TRUE	TRUE	TRUE	TRUE	FALSE	FALSE
638	コバルオン	TRUE	TRUE	TRUE	FALSE	FALSE	FALSE
639	テラキオン	TRUE	TRUE	TRUE	FALSE	FALSE	FALSE
640	ビリジオン	TRUE	TRUE	TRUE	FALSE	FALSE	FALSE
641	トルネロス	TRUE	TRUE	TRUE	TRUE	FALSE	FALSE
642	ボルトロス	TRUE	TRUE	TRUE	TRUE	FALSE	FALSE
643	レシラム	TRUE	TRUE	TRUE	FALSE	TRUE	FALSE
644	ゼクロム	TRUE	TRUE	TRUE	FALSE	TRUE	FALSE
645	ランドロス	TRUE	TRUE	TRUE	TRUE	FALSE	FALSE
646	キュレム	TRUE	TRUE	TRUE	FALSE	TRUE	FALSE
647	ケルディオ	TRUE	TRUE	TRUE	FALSE	FALSE	TRUE
648	メロエッタ	TRUE	TRUE	FALSE	TRUE	FALSE	TRUE
649	ゲノセクト	TRUE	TRUE	TRUE	FALSE	FALSE	TRUE
650	ハリマロン	TRUE	TRUE	FALSE	TRUE	FALSE	FALSE
651	ハリボーグ	TRUE	TRUE	FALSE	TRUE	FALSE	FALSE
652	ブリガロン	TRUE	TRUE	FALSE	TRUE	FALSE	FALSE
653	フォッコ	TRUE	TRUE	FALSE	TRUE	FALSE	FALSE
654	テールナー	TRUE	TRUE	FALSE	TRUE	FALSE	FALSE
655	マフォクシー	TRUE	TRUE	FALSE	TRUE	FALSE	FALSE
656	ケロマツ	TRUE	TRUE	FALSE	TRUE	FALSE	FALSE
657	ゲコガシラ	TRUE	TRUE	FALSE	TRUE	FALSE	FALSE
658	ゲッコウガ	TRUE	TRUE	FALSE	TRUE	FALSE	FALSE
659	ホルビー	TRUE	TRUE	TRUE	FALSE	FALSE	FALSE
660	ホルード	TRUE	TRUE	TRUE	FALSE	FALSE	FALSE
661	ヤヤコマ	TRUE	TRUE	TRUE	TRUE	FALSE	FALSE
662	ヒノヤコマ	TRUE	TRUE	TRUE	TRUE	FALSE	FALSE
663	ファイアロー	TRUE	TRUE	TRUE	TRUE	FALSE	FALSE
664	コフキムシ	TRUE	TRUE	FALSE	TRUE	FALSE	FALSE
665	コフーライ	TRUE	TRUE	FALSE	TRUE	FALSE	FALSE
666	ビビヨン	TRUE	TRUE	FALSE	TRUE	FALSE	FALSE
667	シシコ	TRUE	TRUE	FALSE	TRUE	FALSE	FALSE
668	カエンジシ	TRUE	TRUE	FALSE	TRUE	FALSE	FALSE
669	フラベベ	TRUE	TRUE	FALSE	TRUE	FALSE	FALSE
670	フラエッテ	TRUE	TRUE	FALSE	TRUE	FALSE	FALSE
671	フラージェス	TRUE	TRUE	FALSE	TRUE	FALSE	FALSE
672	メェークル	TRUE	TRUE	FALSE	TRUE	FALSE	FALSE
673	ゴーゴート	TRUE	TRUE	FALSE	TRUE	FALSE	FALSE
674	ヤンチャム	TRUE	TRUE	TRUE	FALSE	FALSE	FALSE
675	ゴロンダ	TRUE	TRUE	TRUE	FALSE	FALSE	FALSE
676	トリミアン	TRUE	TRUE	FALSE	FALSE	FALSE	FALSE
677	ニャスパー	TRUE	TRUE	TRUE	FALSE	FALSE	FALSE
678	ニャオニクス	TRUE	TRUE	TRUE	FALSE	FALSE	FALSE
679	ヒトツキ	TRUE	TRUE	TRUE	FALSE	FALSE	FALSE
680	ニダンギル	TRUE	TRUE	TRUE	FALSE	FALSE	FALSE
681	ギルガルド	TRUE	TRUE	TRUE	FALSE	FALSE	FALSE
682	シュシュプ	TRUE	TRUE	TRUE	FALSE	FALSE	FALSE
683	フレフワン	TRUE	TRUE	TRUE	FALSE	FALSE	FALSE
684	ペロッパフ	TRUE	TRUE	TRUE	FALSE	FALSE	FALSE
685	ペロリーム	TRUE	TRUE	TRUE	FALSE	FALSE	FALSE
686	マーイーカ	TRUE	TRUE	TRUE	FALSE	FALSE	FALSE
687	カラマネロ	TRUE	TRUE	TRUE	FALSE	FALSE	FALSE
688	カメテテ	TRUE	TRUE	TRUE	FALSE	FALSE	FALSE
689	ガメノデス	TRUE	TRUE	TRUE	FALSE	FALSE	FALSE
690	クズモー	TRUE	TRUE	TRUE	TRUE	FALSE	FALSE
691	ドラミドロ	TRUE	TRUE	TRUE	TRUE	FALSE	FALSE
692	ウデッポウ	TRUE	TRUE	TRUE	TRUE	FALSE	FALSE
693	ブロスター	TRUE	TRUE	TRUE	TRUE	FALSE	FALSE
694	エリキテル	TRUE	TRUE	TRUE	FALSE	FALSE	FALSE
695	エレザード	TRUE	TRUE	TRUE	FALSE	FALSE	FALSE
696	チゴラス	TRUE	TRUE	TRUE	FALSE	FALSE	FALSE
697	ガチゴラス	TRUE	TRUE	TRUE	FALSE	FALSE	FALSE
698	アマルス	TRUE	TRUE	TRUE	FALSE	FALSE	FALSE
699	アマルルガ	TRUE	TRUE	TRUE	FALSE	FALSE	FALSE
700	ニンフィア	TRUE	TRUE	TRUE	TRUE	FALSE	FALSE
701	ルチャブル	TRUE	TRUE	TRUE	TRUE	FALSE	FALSE
702	デデンネ	TRUE	TRUE	TRUE	TRUE	FALSE	FALSE
703	メレシー	TRUE	TRUE	TRUE	TRUE	FALSE	FALSE
704	ヌメラ	TRUE	TRUE	TRUE	TRUE	FALSE	FALSE
705	ヌメイル	TRUE	TRUE	TRUE	TRUE	FALSE	FALSE
706	ヌメルゴン	TRUE	TRUE	TRUE	TRUE	FALSE	FALSE
707	クレッフィ	TRUE	TRUE	TRUE	TRUE	FALSE	FALSE
708	ボクレー	TRUE	TRUE	TRUE	TRUE	FALSE	FALSE
709	オーロット	TRUE	TRUE	TRUE	TRUE	FALSE	FALSE
710	バケッチャ	TRUE	TRUE	TRUE	FALSE	FALSE	FALSE
711	パンプジン	TRUE	TRUE	TRUE	FALSE	FALSE	FALSE
712	カチコール	TRUE	TRUE	TRUE	TRUE	FALSE	FALSE
713	クレベース	TRUE	TRUE	TRUE	TRUE	FALSE	FALSE
714	オンバット	TRUE	TRUE	TRUE	TRUE	FALSE	FALSE
715	オンバーン	TRUE	TRUE	TRUE	TRUE	FALSE	FALSE
716	ゼルネアス	TRUE	TRUE	TRUE	FALSE	TRUE	FALSE
717	イベルタル	TRUE	TRUE	TRUE	FALSE	TRUE	FALSE
718	ジガルデ	TRUE	TRUE	TRUE	FALSE	TRUE	FALSE
719	ディアンシー	TRUE	TRUE	TRUE	TRUE	FALSE	TRUE
720	フーパ	TRUE	TRUE	FALSE	TRUE	FALSE	TRUE
721	ボルケニオン	TRUE	TRUE	TRUE	TRUE	FALSE	TRUE
722	モクロー	FALSE	TRUE	TRUE	TRUE	FALSE	FALSE
723	フクスロー	FALSE	TRUE	TRUE	TRUE	FALSE	FALSE
724	ジュナイパー	FALSE	TRUE	TRUE	TRUE	FALSE	FALSE
725	ニャビー	FALSE	TRUE	TRUE	FALSE	FALSE	FALSE
726	ニャヒート	FALSE	TRUE	TRUE	FALSE	FALSE	FALSE
727	ガオガエン	FALSE	TRUE	TRUE	FALSE	FALSE	FALSE
728	アシマリ	FALSE	TRUE	TRUE	FALSE	FALSE	FALSE
729	オシャマリ	FALSE	TRUE	TRUE	FALSE	FALSE	FALSE
730	アシレーヌ	FALSE	TRUE	TRUE	FALSE	FALSE	FALSE
731	ツツケラ	FALSE	TRUE	FALSE	FALSE	FALSE	FALSE
732	ケララッパ	FALSE	TRUE	FALSE	FALSE	FALSE	FALSE
733	ドデカバシ	FALSE	TRUE	FALSE	FALSE	FALSE	FALSE
734	ヤングース	FALSE	TRUE	FALSE	TRUE	FALSE	FALSE
735	デカグース	FALSE	TRUE	FALSE	TRUE	FALSE	FALSE
736	アゴジムシ	FALSE	TRUE	TRUE	TRUE	FALSE	FALSE
737	デンヂムシ	FALSE	TRUE	TRUE	TRUE	FALSE	FALSE
738	クワガノン	FALSE	TRUE	TRUE	TRUE	FALSE	FALSE
739	マケンカニ	FALSE	TRUE	FALSE	TRUE	FALSE	FALSE
740	ケケンカニ	FALSE	TRUE	FALSE	TRUE	FALSE	FALSE
741	オドリドリ	FALSE	TRUE	FALSE	TRUE	FALSE	FALSE
742	アブリー	FALSE	TRUE	TRUE	TRUE	FALSE	FALSE
743	アブリボン	FALSE	TRUE	TRUE	TRUE	FALSE	FALSE
744	イワンコ	FALSE	TRUE	TRUE	TRUE	FALSE	FALSE
745	ルガルガン	FALSE	TRUE	TRUE	TRUE	FALSE	FALSE
746	ヨワシ	FALSE	TRUE	TRUE	FALSE	FALSE	FALSE
747	ヒドイデ	FALSE	TRUE	TRUE	TRUE	FALSE	FALSE
748	ドヒドイデ	FALSE	TRUE	TRUE	TRUE	FALSE	FALSE
749	ドロバンコ	FALSE	TRUE	TRUE	TRUE	FALSE	FALSE
750	バンバドロ	FALSE	TRUE	TRUE	TRUE	FALSE	FALSE
751	シズクモ	FALSE	TRUE	TRUE	FALSE	FALSE	FALSE
752	オニシズクモ	FALSE	TRUE	TRUE	FALSE	FALSE	FALSE
753	カリキリ	FALSE	TRUE	TRUE	TRUE	FALSE	FALSE
754	ラランテス	FALSE	TRUE	TRUE	TRUE	FALSE	FALSE
755	ネマシュ	FALSE	TRUE	TRUE	FALSE	FALSE	FALSE
756	マシェード	FALSE	TRUE	TRUE	FALSE	FALSE	FALSE
757	ヤトウモリ	FALSE	TRUE	TRUE	TRUE	FALSE	FALSE
758	エンニュート	FALSE	TRUE	TRUE	TRUE	FALSE	FALSE
759	ヌイコグマ	FALSE	TRUE	TRUE	FALSE	FALSE	FALSE
760	キテルグマ	FALSE	TRUE	TRUE	FALSE	FALSE	FALSE
761	アマカジ	FALSE	TRUE	TRUE	TRUE	FALSE	FALSE
762	アママイコ	FALSE	TRUE	TRUE	TRUE	FALSE	FALSE
763	アマージョ	FALSE	TRUE	TRUE	TRUE	FALSE	FALSE
764	キュワワー	FALSE	TRUE	TRUE	FALSE	FALSE	FALSE
765	ヤレユータン	FALSE	TRUE	TRUE	TRUE	FALSE	FALSE
766	ナゲツケサル	FALSE	TRUE	TRUE	TRUE	FALSE	FALSE
767	コソクムシ	FALSE	TRUE	TRUE	FALSE	FALSE	FALSE
768	グソクムシャ	FALSE	TRUE	TRUE	FALSE	FALSE	FALSE
769	スナバァ	FALSE	TRUE	TRUE	TRUE	FALSE	FALSE
770	シロデスナ	FALSE	TRUE	TRUE	TRUE	FALSE	FALSE
771	ナマコブシ	FALSE	TRUE	TRUE	FALSE	FALSE	FALSE
772	タイプ:ヌル	FALSE	TRUE	TRUE	FALSE	FALSE	FALSE
773	シルヴァディ	FALSE	TRUE	TRUE	FALSE	FALSE	FALSE
774	メテノ	FALSE	TRUE	FALSE	FALSE	FALSE	FALSE
775	ネッコアラ	FALSE	TRUE	FALSE	TRUE	FALSE	FALSE
776	バクガメス	FALSE	TRUE	TRUE	FALSE	FALSE	FALSE
777	トゲデマル	FALSE	TRUE	TRUE	FALSE	FALSE	FALSE
778	ミミッキュ	FALSE	TRUE	TRUE	TRUE	FALSE	FALSE
779	ハギギシリ	FALSE	TRUE	FALSE	TRUE	FALSE	FALSE
780	ジジーロン	FALSE	TRUE	TRUE	FALSE	FALSE	FALSE
781	ダダリン	FALSE	TRUE	TRUE	FALSE	FALSE	FALSE
782	ジャラコ	FALSE	TRUE	TRUE	TRUE	FALSE	FALSE
783	ジャランゴ	FALSE	TRUE	TRUE	TRUE	FALSE	FALSE
784	ジャラランガ	FALSE	TRUE	TRUE	TRUE	FALSE	FALSE
785	カプ・コケコ	FALSE	TRUE	TRUE	FALSE	FALSE	FALSE
786	カプ・テテフ	FALSE	TRUE	TRUE	FALSE	FALSE	FALSE
787	カプ・ブルル	FALSE	TRUE	TRUE	FALSE	FALSE	FALSE
788	カプ・レヒレ	FALSE	TRUE	TRUE	FALSE	FALSE	FALSE
789	コスモッグ	FALSE	TRUE	TRUE	FALSE	TRUE	FALSE
790	コスモウム	FALSE	TRUE	TRUE	FALSE	TRUE	FALSE
791	ソルガレオ	FALSE	TRUE	TRUE	FALSE	TRUE	FALSE
792	ルナアーラ	FALSE	TRUE	TRUE	FALSE	TRUE	FALSE
793	ウツロイド	FALSE	TRUE	TRUE	FALSE	FALSE	FALSE
794	マッシブーン	FALSE	TRUE	TRUE	FALSE	FALSE	FALSE
795	フェローチェ	FALSE	TRUE	TRUE	FALSE	FALSE	FALSE
796	デンジュモク	FALSE	TRUE	TRUE	FALSE	FALSE	FALSE
797	テッカグヤ	FALSE	TRUE	TRUE	FALSE	FALSE	FALSE
798	カミツルギ	FALSE	TRUE	TRUE	FALSE	FALSE	FALSE
799	アクジキング	FALSE	TRUE	TRUE	FALSE	FALSE	FALSE
800	ネクロズマ	FALSE	TRUE	TRUE	FALSE	TRUE	FALSE
801	マギアナ	FALSE	TRUE	TRUE	TRUE	FALSE	TRUE
802	マーシャドー	FALSE	TRUE	TRUE	FALSE	FALSE	TRUE
803	ベベノム	FALSE	TRUE	TRUE	FALSE	FALSE	FALSE
804	アーゴヨン	FALSE	TRUE	TRUE	FALSE	FALSE	FALSE
805	ツンデツンデ	FALSE	TRUE	TRUE	FALSE	FALSE	FALSE
806	ズガドーン	FALSE	TRUE	TRUE	FALSE	FALSE	FALSE
807	ゼラオラ	FALSE	TRUE	TRUE	FALSE	FALSE	TRUE
808	メルタン	FALSE	FALSE	TRUE	FALSE	FALSE	TRUE
809	メルメタル	FALSE	FALSE	TRUE	FALSE	FALSE	TRUE
810	サルノリ	FALSE	FALSE	TRUE	TRUE	FALSE	FALSE
811	バチンキー	FALSE	FALSE	TRUE	TRUE	FALSE	FALSE
812	ゴリランダー	FALSE	FALSE	TRUE	TRUE	FALSE	FALSE
813	ヒバニー	FALSE	FALSE	TRUE	TRUE	FALSE	FALSE
814	ラビフット	FALSE	FALSE	TRUE	TRUE	FALSE	FALSE
815	エースバーン	FALSE	FALSE	TRUE	TRUE	FALSE	FALSE
816	メッソン	FALSE	FALSE	TRUE	TRUE	FALSE	FALSE
817	ジメレオン	FALSE	FALSE	TRUE	TRUE	FALSE	FALSE
818	インテレオン	FALSE	FALSE	TRUE	TRUE	FALSE	FALSE
819	ホシガリス	FALSE	FALSE	TRUE	TRUE	FALSE	FALSE
820	ヨクバリス	FALSE	FALSE	TRUE	TRUE	FALSE	FALSE
821	ココガラ	FALSE	FALSE	TRUE	TRUE	FALSE	FALSE
822	アオガラス	FALSE	FALSE	TRUE	TRUE	FALSE	FALSE
823	アーマーガア	FALSE	FALSE	TRUE	TRUE	FALSE	FALSE
824	サッチムシ	FALSE	FALSE	TRUE	FALSE	FALSE	FALSE
825	レドームシ	FALSE	FALSE	TRUE	FALSE	FALSE	FALSE
826	イオルブ	FALSE	FALSE	TRUE	FALSE	FALSE	FALSE
827	クスネ	FALSE	FALSE	TRUE	FALSE	FALSE	FALSE
828	フォクスライ	FALSE	FALSE	TRUE	FALSE	FALSE	FALSE
829	ヒメンカ	FALSE	FALSE	TRUE	FALSE	FALSE	FALSE
830	ワタシラガ	FALSE	FALSE	TRUE	FALSE	FALSE	FALSE
831	ウールー	FALSE	FALSE	TRUE	FALSE	FALSE	FALSE
832	バイウールー	FALSE	FALSE	TRUE	FALSE	FALSE	FALSE
833	カムカメ	FALSE	FALSE	TRUE	TRUE	FALSE	FALSE
834	カジリガメ	FALSE	FALSE	TRUE	TRUE	FALSE	FALSE
835	ワンパチ	FALSE	FALSE	TRUE	FALSE	FALSE	FALSE
836	パルスワン	FALSE	FALSE	TRUE	FALSE	FALSE	FALSE
837	タンドン	FALSE	FALSE	TRUE	TRUE	FALSE	FALSE
838	トロッゴン	FALSE	FALSE	TRUE	TRUE	FALSE	FALSE
839	セキタンザン	FALSE	FALSE	TRUE	TRUE	FALSE	FALSE
840	カジッチュ	FALSE	FALSE	TRUE	TRUE	FALSE	FALSE
841	アップリュー	FALSE	FALSE	TRUE	TRUE	FALSE	FALSE
842	タルップル	FALSE	FALSE	TRUE	TRUE	FALSE	FALSE
843	スナヘビ	FALSE	FALSE	TRUE	TRUE	FALSE	FALSE
844	サダイジャ	FALSE	FALSE	TRUE	TRUE	FALSE	FALSE
845	ウッウ	FALSE	FALSE	TRUE	TRUE	FALSE	FALSE
846	サシカマス	FALSE	FALSE	TRUE	TRUE	FALSE	FALSE
847	カマスジョー	FALSE	FALSE	TRUE	TRUE	FALSE	FALSE
848	エレズン	FALSE	FALSE	TRUE	TRUE	FALSE	FALSE
849	ストリンダー	FALSE	FALSE	TRUE	TRUE	FALSE	FALSE
850	ヤクデ	FALSE	FALSE	TRUE	FALSE	FALSE	FALSE
851	マルヤクデ	FALSE	FALSE	TRUE	FALSE	FALSE	FALSE
852	タタッコ	FALSE	FALSE	TRUE	FALSE	FALSE	FALSE
853	オトスパス	FALSE	FALSE	TRUE	FALSE	FALSE	FALSE
854	ヤバチャ	FALSE	FALSE	TRUE	TRUE	FALSE	FALSE
855	ポットデス	FALSE	FALSE	TRUE	TRUE	FALSE	FALSE
856	ミブリム	FALSE	FALSE	TRUE	TRUE	FALSE	FALSE
857	テブリム	FALSE	FALSE	TRUE	TRUE	FALSE	FALSE
858	ブリムオン	FALSE	FALSE	TRUE	TRUE	FALSE	FALSE
859	ベロバー	FALSE	FALSE	TRUE	TRUE	FALSE	FALSE
860	ギモー	FALSE	FALSE	TRUE	TRUE	FALSE	FALSE
861	オーロンゲ	FALSE	FALSE	TRUE	TRUE	FALSE	FALSE
862	タチフサグマ	FALSE	FALSE	TRUE	FALSE	FALSE	FALSE
863	ニャイキング	FALSE	FALSE	TRUE	TRUE	FALSE	FALSE
864	サニゴーン	FALSE	FALSE	TRUE	FALSE	FALSE	FALSE
865	ネギガナイト	FALSE	FALSE	TRUE	FALSE	FALSE	FALSE
866	バリコオル	FALSE	FALSE	TRUE	FALSE	FALSE	FALSE
867	デスバーン	FALSE	FALSE	TRUE	FALSE	FALSE	FALSE
868	マホミル	FALSE	FALSE	TRUE	FALSE	FALSE	FALSE
869	マホイップ	FALSE	FALSE	TRUE	FALSE	FALSE	FALSE
870	タイレーツ	FALSE	FALSE	TRUE	TRUE	FALSE	FALSE
871	バチンウニ	FALSE	FALSE	TRUE	TRUE	FALSE	FALSE
872	ユキハミ	FALSE	FALSE	TRUE	TRUE	FALSE	FALSE
873	モスノウ	FALSE	FALSE	TRUE	TRUE	FALSE	FALSE
874	イシヘンジン	FALSE	FALSE	TRUE	TRUE	FALSE	FALSE
875	コオリッポ	FALSE	FALSE	TRUE	TRUE	FALSE	FALSE
876	イエッサン	FALSE	FALSE	TRUE	TRUE	FALSE	FALSE
877	モルペコ	FALSE	FALSE	TRUE	TRUE	FALSE	FALSE
878	ゾウドウ	FALSE	FALSE	TRUE	TRUE	FALSE	FALSE
879	ダイオウドウ	FALSE	FALSE	TRUE	TRUE	FALSE	FALSE
880	パッチラゴン	FALSE	FALSE	TRUE	FALSE	FALSE	FALSE
881	パッチルドン	FALSE	FALSE	TRUE	FALSE	FALSE	FALSE
882	ウオノラゴン	FALSE	FALSE	TRUE	FALSE	FALSE	FALSE
883	ウオチルドン	FALSE	FALSE	TRUE	FALSE	FALSE	FALSE
884	ジュラルドン	FALSE	FALSE	TRUE	FALSE	FALSE	FALSE
885	ドラメシヤ	FALSE	FALSE	TRUE	TRUE	FALSE	FALSE
886	ドロンチ	FALSE	FALSE	TRUE	TRUE	FALSE	FALSE
887	ドラパルト	FALSE	FALSE	TRUE	TRUE	FALSE	FALSE
888	ザシアン	FALSE	FALSE	TRUE	TRUE	TRUE	FALSE
889	ザマゼンタ	FALSE	FALSE	TRUE	TRUE	TRUE	FALSE
890	ムゲンダイナ	FALSE	FALSE	TRUE	TRUE	TRUE	FALSE
891	ダクマ	FALSE	FALSE	TRUE	TRUE	FALSE	FALSE
892	ウーラオス	FALSE	FALSE	TRUE	TRUE	FALSE	FALSE
893	ザルード	FALSE	FALSE	TRUE	TRUE	FALSE	TRUE
894	レジエレキ	FALSE	FALSE	TRUE	TRUE	FALSE	FALSE
895	レジドラゴ	FALSE	FALSE	TRUE	TRUE	FALSE	FALSE
896	ブリザポス	FALSE	FALSE	TRUE	TRUE	FALSE	FALSE
897	レイスポス	FALSE	FALSE	TRUE	TRUE	FALSE	FALSE
898	バドレックス	FALSE	FALSE	TRUE	TRUE	TRUE	FALSE
899	アヤシシ	FALSE	FALSE	FALSE	TRUE	FALSE	FALSE
900	バサギリ	FALSE	FALSE	FALSE	TRUE	FALSE	FALSE
901	ガチグマ	FALSE	FALSE	FALSE	TRUE	FALSE	FALSE
902	イダイトウ	FALSE	FALSE	FALSE	TRUE	FALSE	FALSE
903	オオニューラ	FALSE	FALSE	FALSE	TRUE	FALSE	FALSE
904	ハリーマン	FALSE	FALSE	FALSE	TRUE	FALSE	FALSE
905	ラブトロス	FALSE	FALSE	FALSE	TRUE	FALSE	FALSE
906	ニャオハ	FALSE	FALSE	FALSE	TRUE	FALSE	FALSE
907	ニャローテ	FALSE	FALSE	FALSE	TRUE	FALSE	FALSE
908	マスカーニャ	FALSE	FALSE	FALSE	TRUE	FALSE	FALSE
909	ホゲータ	FALSE	FALSE	FALSE	TRUE	FALSE	FALSE
910	アチゲータ	FALSE	FALSE	FALSE	TRUE	FALSE	FALSE
911	ラウドボーン	FALSE	FALSE	FALSE	TRUE	FALSE	FALSE
912	クワッス	FALSE	FALSE	FALSE	TRUE	FALSE	FALSE
913	ウェルカモ	FALSE	FALSE	FALSE	TRUE	FALSE	FALSE
914	ウェーニバル	FALSE	FALSE	FALSE	TRUE	FALSE	FALSE
915	グルトン	FALSE	FALSE	FALSE	TRUE	FALSE	FALSE
916	パフュートン	FALSE	FALSE	FALSE	TRUE	FALSE	FALSE
917	タマンチュラ	FALSE	FALSE	FALSE	TRUE	FALSE	FALSE
918	ワナイダー	FALSE	FALSE	FALSE	TRUE	FALSE	FALSE
919	マメバッタ	FALSE	FALSE	FALSE	TRUE	FALSE	FALSE
920	エクスレッグ	FALSE	FALSE	FALSE	TRUE	FALSE	FALSE
921	パモ	FALSE	FALSE	FALSE	TRUE	FALSE	FALSE
922	パモット	FALSE	FALSE	FALSE	TRUE	FALSE	FALSE
923	パーモット	FALSE	FALSE	FALSE	TRUE	FALSE	FALSE
924	ワッカネズミ	FALSE	FALSE	FALSE	TRUE	FALSE	FALSE
925	イッカネズミ	FALSE	FALSE	FALSE	TRUE	FALSE	FALSE
926	パピモッチ	FALSE	FALSE	FALSE	TRUE	FALSE	FALSE
927	バウッツェル	FALSE	FALSE	FALSE	TRUE	FALSE	FALSE
928	ミニーブ	FALSE	FALSE	FALSE	TRUE	FALSE	FALSE
929	オリーニョ	FALSE	FALSE	FALSE	TRUE	FALSE	FALSE
930	オリーヴァ	FALSE	FALSE	FALSE	TRUE	FALSE	FALSE
931	イキリンコ	FALSE	FALSE	FALSE	TRUE	FALSE	FALSE
932	コジオ	FALSE	FALSE	FALSE	TRUE	FALSE	FALSE
933	ジオヅム	FALSE	FALSE	FALSE	TRUE	FALSE	FALSE
934	キョジオーン	FALSE	FALSE	FALSE	TRUE	FALSE	FALSE
935	カルボウ	FALSE	FALSE	FALSE	TRUE	FALSE	FALSE
936	グレンアルマ	FALSE	FALSE	FALSE	TRUE	FALSE	FALSE
937	ソウブレイズ	FALSE	FALSE	FALSE	TRUE	FALSE	FALSE
938	ズピカ	FALSE	FALSE	FALSE	TRUE	FALSE	FALSE
939	ハラバリー	FALSE	FALSE	FALSE	TRUE	FALSE	FALSE
940	カイデン	FALSE	FALSE	FALSE	TRUE	FALSE	FALSE
941	タイカイデン	FALSE	FALSE	FALSE	TRUE	FALSE	FALSE
942	オラチフ	FALSE	FALSE	FALSE	TRUE	FALSE	FALSE
943	マフィティフ	FALSE	FALSE	FALSE	TRUE	FALSE	FALSE
944	シルシュルー	FALSE	FALSE	FALSE	TRUE	FALSE	FALSE
945	タギングル	FALSE	FALSE	FALSE	TRUE	FALSE	FALSE
946	アノクサ	FALSE	FALSE	FALSE	TRUE	FALSE	FALSE
947	アノホラグサ	FALSE	FALSE	FALSE	TRUE	FALSE	FALSE
948	ノノクラゲ	FALSE	FALSE	FALSE	TRUE	FALSE	FALSE
949	リククラゲ	FALSE	FALSE	FALSE	TRUE	FALSE	FALSE
950	ガケガニ	FALSE	FALSE	FALSE	TRUE	FALSE	FALSE
951	カプサイジ	FALSE	FALSE	FALSE	TRUE	FALSE	FALSE
952	スコヴィラン	FALSE	FALSE	FALSE	TRUE	FALSE	FALSE
953	シガロコ	FALSE	FALSE	FALSE	TRUE	FALSE	FALSE
954	ベラカス	FALSE	FALSE	FALSE	TRUE	FALSE	FALSE
955	ヒラヒナ	FALSE	FALSE	FALSE	TRUE	FALSE	FALSE
956	クエスパトラ	FALSE	FALSE	FALSE	TRUE	FALSE	FALSE
957	カヌチャン	FALSE	FALSE	FALSE	TRUE	FALSE	FALSE
958	ナカヌチャン	FALSE	FALSE	FALSE	TRUE	FALSE	FALSE
959	デカヌチャン	FALSE	FALSE	FALSE	TRUE	FALSE	FALSE
960	ウミディグダ	FALSE	FALSE	FALSE	TRUE	FALSE	FALSE
961	ウミトリオ	FALSE	FALSE	FALSE	TRUE	FALSE	FALSE
962	オトシドリ	FALSE	FALSE	FALSE	TRUE	FALSE	FALSE
963	ナミイルカ	FALSE	FALSE	FALSE	TRUE	FALSE	FALSE
964	イルカマン	FALSE	FALSE	FALSE	TRUE	FALSE	FALSE
965	ブロロン	FALSE	FALSE	FALSE	TRUE	FALSE	FALSE
966	ブロロローム	FALSE	FALSE	FALSE	TRUE	FALSE	FALSE
967	モトトカゲ	FALSE	FALSE	FALSE	TRUE	FALSE	FALSE
968	ミミズズ	FALSE	FALSE	FALSE	TRUE	FALSE	FALSE
969	キラーメ	FALSE	FALSE	FALSE	TRUE	FALSE	FALSE
970	キラフロル	FALSE	FALSE	FALSE	TRUE	FALSE	FALSE
971	ボチ	FALSE	FALSE	FALSE	TRUE	FALSE	FALSE
972	ハカドッグ	FALSE	FALSE	FALSE	TRUE	FALSE	FALSE
973	カラミンゴ	FALSE	FALSE	FALSE	TRUE	FALSE	FALSE
974	アルクジラ	FALSE	FALSE	FALSE	TRUE	FALSE	FALSE
975	ハルクジラ	FALSE	FALSE	FALSE	TRUE	FALSE	FALSE
976	ミガルーサ	FALSE	FALSE	FALSE	TRUE	FALSE	FALSE
977	ヘイラッシャ	FALSE	FALSE	FALSE	TRUE	FALSE	FALSE
978	シャリタツ	FALSE	FALSE	FALSE	TRUE	FALSE	FALSE
979	コノヨザル	FALSE	FALSE	FALSE	TRUE	FALSE	FALSE
980	ドオー	FALSE	FALSE	FALSE	TRUE	FALSE	FALSE
981	リキキリン	FALSE	FALSE	FALSE	TRUE	FALSE	FALSE
982	ノココッチ	FALSE	FALSE	FALSE	TRUE	FALSE	FALSE
983	ドドゲザン	FALSE	FALSE	FALSE	TRUE	FALSE	FALSE
984	イダイナキバ	FALSE	FALSE	FALSE	TRUE	FALSE	FALSE
985	サケブシッポ	FALSE	FALSE	FALSE	TRUE	FALSE	FALSE
986	アラブルタケ	FALSE	FALSE	FALSE	TRUE	FALSE	FALSE
987	ハバタクカミ	FALSE	FALSE	FALSE	TRUE	FALSE	FALSE
988	チヲハウハネ	FALSE	FALSE	FALSE	TRUE	FALSE	FALSE
989	スナノケガワ	FALSE	FALSE	FALSE	TRUE	FALSE	FALSE
990	テツノワダチ	FALSE	FALSE	FALSE	TRUE	FALSE	FALSE
991	テツノツツミ	FALSE	FALSE	FALSE	TRUE	FALSE	FALSE
992	テツノカイナ	FALSE	FALSE	FALSE	TRUE	FALSE	FALSE
993	テツノコウベ	FALSE	FALSE	FALSE	TRUE	FALSE	FALSE
994	テツノドクガ	FALSE	FALSE	FALSE	TRUE	FALSE	FALSE
995	テツノイバラ	FALSE	FALSE	FALSE	TRUE	FALSE	FALSE
996	セビエ	FALSE	FALSE	FALSE	TRUE	FALSE	FALSE
997	セゴール	FALSE	FALSE	FALSE	TRUE	FALSE	FALSE
998	セグレイブ	FALSE	FALSE	FALSE	TRUE	FALSE	FALSE
999	コレクレー	FALSE	FALSE	FALSE	TRUE	FALSE	FALSE
1000	サーフゴー	FALSE	FALSE	FALSE	TRUE	FALSE	FALSE
1001	チオンジェン	FALSE	FALSE	FALSE	TRUE	FALSE	FALSE
1002	パオジアン	FALSE	FALSE	FALSE	TRUE	FALSE	FALSE
1003	ディンルー	FALSE	FALSE	FALSE	TRUE	FALSE	FALSE
1004	イーユイ	FALSE	FALSE	FALSE	TRUE	FALSE	FALSE
1005	トドロクツキ	FALSE	FALSE	FALSE	TRUE	FALSE	FALSE
1006	テツノブジン	FALSE	FALSE	FALSE	TRUE	FALSE	FALSE
1007	コライドン	FALSE	FALSE	FALSE	TRUE	TRUE	FALSE
1008	ミライドン	FALSE	FALSE	FALSE	TRUE	TRUE	FALSE
1009	ウネルミナモ	FALSE	FALSE	FALSE	TRUE	FALSE	FALSE
1010	テツノイサハ	FALSE	FALSE	FALSE	TRUE	FALSE	FALSE
1011	カミッチュ	FALSE	FALSE	FALSE	TRUE	FALSE	FALSE
1012	チャデス	FALSE	FALSE	FALSE	TRUE	FALSE	FALSE
1013	ヤバソチャ	FALSE	FALSE	FALSE	TRUE	FALSE	FALSE
1014	イイネイヌ	FALSE	FALSE	FALSE	TRUE	FALSE	FALSE
1015	マシマシラ	FALSE	FALSE	FALSE	TRUE	FALSE	FALSE
1016	キチキギス	FALSE	FALSE	FALSE	TRUE	FALSE	FALSE
1017	オーガポン	FALSE	FALSE	FALSE	TRUE	FALSE	FALSE